SELECT_INVESTORS,CONTINENT,CONTINENT_PCT
.406 Ventures,North America,100.00
01 Advisors,North America,100.00
10T Fund,North America,100.00
14W,Europe,33.33
14W,North America,66.67
1955 Capital,North America,100.00
360 Capital Partners,Europe,100.00
3G Capital Management,South America,100.00
3L,North America,100.00
3i Group,Europe,100.00
3one4 Capital Partners,Asia,100.00
468 Capital,Europe,100.00
500 Global,Asia,100.00
500 Startups,Asia,60.00
500 Startups,North America,40.00
58.com,Asia,100.00
5Y Capital,Asia,100.00
83North,Europe,85.00
83North,North America,15.00
8VC,North America,100.00
A&E Television Networks,North America,100.00
A&NN,Europe,100.00
A91 Partners,Asia,100.00
ACE & Company,North America,100.00
AME Cloud Ventures,North America,100.00
ARCH Venture Partners,North America,100.00
AU21,North America,100.00
AWZ Ventures,Asia,100.00
AXA Venture Partners,North America,100.00
Accel,Asia,8.33
Accel,Europe,28.24
Accel,North America,62.04
Accel,South America,1.39
Accel India,Asia,100.00
Accel Partners,Asia,78.95
Accel Partners,Europe,10.53
Accel Partners,North America,10.53
Accelm Scania Growth Capital,Europe,100.00
Access Industries,Europe,66.67
Access Industries,North America,33.33
Accomplice,North America,100.00
Acero Capital,North America,100.00
Activant Capital,Asia,33.33
Activant Capital,North America,66.67
Activant Capital Group,North America,100.00
Acton Capital Partners,Europe,100.00
Adams Street Partners,North America,100.00
Addition,North America,100.00
Advance Venture Partners,North America,100.00
Advancit Capital,North America,100.00
Advantech Capital,Asia,100.00
Advent International,North America,94.12
Advent International,South America,5.88
Affirma Capital,Asia,100.00
Afore Capital,North America,100.00
Aglae Ventures,Europe,100.00
Ainge Advisory,North America,100.00
AirTree Ventures,Oceania,100.00
Airbus Ventures,North America,100.00
Ajinomoto,Asia,100.00
Aker,Europe,100.00
Alaska Permanent Fund,North America,100.00
Aleph,Asia,30.00
Aleph,North America,70.00
Alexandria Venture Investments,North America,100.00
Alibaba Entrepreneurs Fund,Asia,100.00
Alibaba Group,Asia,95.00
Alibaba Group,North America,5.00
Alibaba Pictures Group,Asia,100.00
Alkeon Capital Management,Europe,33.33
Alkeon Capital Management,North America,66.67
AllegisCyber Capital,North America,100.00
Alliance Consumer Growth,North America,100.00
Ally Bridge Group,North America,100.00
Almaz Capital Partners,North America,100.00
Alpargatas,North America,100.00
Alpha JWC Ventures,Asia,100.00
Alpha Wave Global,Asia,100.00
Alta Partners,North America,100.00
Alta Ventures Mexico,North America,100.00
AltaIR Capital,North America,100.00
Altamont Capital Partners,Europe,100.00
Altimeter Capital,North America,100.00
Altos Ventures,Asia,33.33
Altos Ventures,North America,66.67
Alumni Ventures Group,North America,100.00
Alven Capital,Europe,53.33
Alven Capital,North America,46.67
Amadeus Capital Partners,Europe,37.50
Amadeus Capital Partners,South America,62.50
Amasia,Asia,100.00
American Express Ventures,Europe,5.88
American Express Ventures,North America,94.12
American Family Ventures,North America,100.00
Amiti Ventures,Asia,100.00
Amplify Partners,North America,100.00
Andalusian Capital Partners,Asia,100.00
Andreessen Horowitz,Asia,0.47
Andreessen Horowitz,Europe,1.42
Andreessen Horowitz,North America,94.34
Andreessen Horowitz,South America,3.77
Ant Financial Services Group,Asia,100.00
Ant Group,Asia,100.00
Anthem Venture Partners,North America,100.00
Anthemis,Europe,50.00
Anthemis,North America,50.00
Anthermis,North America,100.00
Anthos Capital,North America,100.00
Apax Partners,Asia,100.00
Apollo Global Management,North America,100.00
Ardian,Europe,50.00
Ardian,North America,50.00
Array Ventures,North America,100.00
Artiman Ventures,North America,100.00
Artis Ventures,North America,100.00
Ascension Ventures,North America,100.00
Aspect Ventures,Asia,60.00
Aspect Ventures,North America,40.00
Aspenwood Ventures,North America,100.00
Asset Management Ventures,North America,100.00
Astanor Ventures,Europe,100.00
Astral Capital,North America,100.00
Atinum Investment,Asia,100.00
Atlantic Food Labs,Europe,100.00
Atomico,Asia,10.53
Atomico,Europe,47.37
Atomico,North America,42.11
Atop Capital,Asia,100.00
Augmentum Fintech,Europe,100.00
August Capital,North America,100.00
Auriga,Europe,100.00
Automobile Industry Guidance Fund,Asia,100.00
Avenir Growth Capital,Asia,100.00
Aviation Industry Corporation of China,Asia,8.33
Aviation Industry Corporation of China,Europe,91.67
Aviv Venture Capital,Asia,100.00
Ayala Corporation,Asia,100.00
B Capital Group,Asia,37.50
B Capital Group,North America,62.50
BA Capital,Asia,100.00
BBVA,South America,100.00
BDC Venture Capital,North America,100.00
BDT Capital Partners,North America,100.00
BECO Capital,Asia,100.00
BEENEXT,Asia,100.00
BGF Ventures,Europe,100.00
BMO Capital,North America,100.00
BMW i Ventures,Europe,50.00
BMW i Ventures,North America,50.00
BNP Paribas,North America,100.00
BOC International,Asia,100.00
BOLDstart Ventures,North America,100.00
BP Ventures,Asia,100.00
BPI France,Europe,100.00
BUILD Capital Partners,Europe,100.00
Baidu,Asia,100.00
Baidu Capital,Asia,100.00
Baidu Ventures,Asia,100.00
Baillie Gifford & Co.,North America,87.50
Baillie Gifford & Co.,Oceania,12.50
Bain & Company,North America,100.00
Bain Capital,Asia,50.00
Bain Capital,Europe,50.00
Bain Capital Credit,Europe,100.00
Bain Capital Tech Opportunities,North America,100.00
Bain Capital Ventures,North America,100.00
Balderton Capital,Europe,81.82
Balderton Capital,North America,18.18
Baleen Capital,Europe,100.00
Ballast Point Ventures,North America,100.00
Bank Of China Group Investment,Asia,100.00
Bank of China,Asia,100.00
Banner Ventures,North America,100.00
Banyan Capital,Asia,100.00
Barter Ventures,North America,100.00
Baseline Ventures,North America,100.00
Battery Ventures,Asia,2.35
Battery Ventures,Europe,10.59
Battery Ventures,North America,87.06
Bedrock Capital,North America,100.00
Beijing Juneng Hesheng Industry Investment Fund,Asia,100.00
Beijing Shuju Xinrong Fund,Asia,100.00
Benchmark,Europe,8.89
Benchmark,North America,84.44
Benchmark,South America,6.67
Benhcmark,North America,100.00
Bertelsmann Asia Investments,Asia,100.00
Bertelsmann India Investments,Asia,100.00
Bessemer Venture Partners,Asia,22.22
Bessemer Venture Partners,North America,72.22
Bessemer Venture Partners,South America,5.56
Bezos Expeditions,North America,100.00
Big Bets,South America,100.00
BlackRock,Europe,15.79
BlackRock,North America,84.21
Blackbird Ventures,Oceania,100.00
Blackrock,Asia,14.29
Blackrock,North America,85.71
Blackstone,Asia,7.14
Blackstone,Europe,25.00
Blackstone,North America,67.86
Bling Capital,North America,100.00
BlockTower Capital,North America,100.00
Blockchain Capital,North America,100.00
Bloomberg Beta,North America,100.00
Blu Venture Investors,North America,100.00
Blue Cloud Ventures,North America,100.00
Blue Label Telecoms,Africa,100.00
Blue Lake Capital,Asia,100.00
BlueCross BlueShield Venture Partners,North America,100.00
BlueRun Ventures,Asia,100.00
Blueflame Capital,Asia,100.00
Blumberg Capital,North America,100.00
Blume Ventures,Asia,100.00
Bnk To The Future,North America,100.00
Bojiang Capital,Asia,100.00
Bolt Ventures,North America,100.00
Bond,Europe,30.00
Bond,North America,70.00
Bond Capital,Europe,100.00
Bonfire Ventures,North America,100.00
Borui Capital,Asia,100.00
Bow Wave Capital,Asia,100.00
BoxGroup,North America,100.00
Boxin Capital,Asia,100.00
Boyu Capital,Asia,100.00
Breakthrough Energy Ventures,North America,100.00
Breega Capital,Europe,100.00
Bregal Sagemount,North America,100.00
Breyer Capital,North America,100.00
Bright Venture Capita,Asia,100.00
Brighton Park Capital,North America,100.00
British Patient Capital,Europe,100.00
Brookfield Asset Management,North America,100.00
Broom Ventures,North America,100.00
Buhuo Venture Capital,Asia,100.00
Burda Principal Investments,Europe,100.00
C5 Capital,North America,100.00
CDH Investments,Asia,100.00
CDIB Capital,Asia,100.00
CE-Ventures,Asia,100.00
CITIC Securities International,Asia,100.00
CJ ENM,North America,100.00
CMB International Capital,Asia,100.00
CMC Capital Partners,Asia,100.00
CMFG Ventures,North America,100.00
CPP Investment Board,Europe,100.00
CR Capital Mgmt,Asia,100.00
CRE Venture Capital,North America,100.00
CRV,North America,100.00
CSC Group,Asia,100.00
CVC Capital Partners,North America,100.00
CVF Capital Partners,North America,100.00
Cadenza Ventures,North America,100.00
Caffeinated Capital,Asia,5.26
Caffeinated Capital,North America,94.74
Caisse de depot et placement du Quebec,North America,100.00
Cambridge Innovation Capital,Europe,100.00
Canaan Partners,Asia,16.67
Canaan Partners,Europe,50.00
Canaan Partners,North America,33.33
Canapi Ventures,North America,100.00
Capital One Growth Ventures,North America,100.00
Capital Today,Asia,100.00
Capricorn Investment Group,North America,100.00
Carlson Private Capital Partners,North America,100.00
Carrick Capital Partners,North America,100.00
Carsales,North America,100.00
Casa Verde Capital,North America,100.00
Casdin Capital,North America,100.00
Caterpillar,North America,100.00
Cathay Innovation,North America,100.00
Causeway Media Partners,North America,100.00
Cedarlake Capital,Asia,100.00
Centralway,Europe,100.00
Centurium Capital,Asia,100.00
Cercano Management,North America,100.00
Charoen Pokphand Group,Asia,100.00
Charter Venture Capital,North America,100.00
Chengwei Capital,Asia,100.00
Cherry Ventures,Europe,100.00
Chicago Ventures,North America,100.00
China Broadband Capital,Asia,100.00
China Capital Investment Group,Asia,100.00
China Construction Bank,Asia,100.00
China Creation Ventures,Asia,100.00
China Culture Industrial Investment Fund,Asia,100.00
China Development Bank Capital,Asia,100.00
China Environmental Protection Industry,Asia,100.00
China Everbright Investment Management,Asia,100.00
China Everbright Limited,Asia,100.00
China Fortune Land Development,Asia,100.00
China Fortune Ocean,Asia,100.00
China Grand Prosperity Investment,Asia,100.00
China Health Industry Investment Fund,Asia,100.00
China International Capital Corporation,Asia,100.00
China Internet Investment Fund,Asia,100.00
China Investment Corporation,Asia,100.00
China Life Insurance,Asia,100.00
China Life Investment Holding Company,Asia,100.00
China Media Group,Asia,100.00
China Minsheng Investment,Asia,100.00
China Minsheng Investment Group,Asia,100.00
China Reform Fund,Asia,100.00
China Renaissance,Asia,100.00
China State Capital Venture Capital Fund,Asia,100.00
Chiratae Ventures,Asia,66.67
Chiratae Ventures,North America,33.33
Chromo Invest,North America,100.00
Chuanrong Capital,Asia,100.00
Citi Ventures,Europe,9.09
Citi Ventures,North America,90.91
ClalTech,Asia,50.00
ClalTech,North America,50.00
Clermont Group,Europe,100.00
Clocktower Technology Ventures,North America,100.00
Co-Energy Finance,Asia,100.00
Co-Stone Venture Capital,Asia,100.00
Coatue Management,Asia,16.30
Coatue Management,Europe,7.61
Coatue Management,North America,76.09
Coatue Managemeny,North America,100.00
Cobalt Capital,North America,100.00
Cocnord Health Partners,North America,100.00
Coinbase Ventures,Asia,6.67
Coinbase Ventures,North America,93.33
Collaborative Fund,North America,100.00
Coltrane Asset Management,Europe,100.00
Comcast Ventures,North America,100.00
Commerce Ventures,North America,100.00
CommerzVentures,Europe,100.00
Company K Partners,Asia,100.00
Connect Ventures,Europe,33.33
Connect Ventures,North America,66.67
ConsenSys Ventures,North America,100.00
Contour Venture Partners,North America,100.00
Cool Japan Fund,Asia,100.00
Core Capital Partners,North America,100.00
Costanoa Ventures,North America,100.00
Cowboy Ventures,North America,100.00
Cox Enterprises,North America,100.00
Craft Ventures,North America,100.00
Crane Venture Partners,North America,100.00
Creandum,Europe,85.71
Creandum,North America,14.29
Credit Suisse,South America,100.00
CreditEase Fintech Investment Fund,Asia,75.00
CreditEase Fintech Investment Fund,North America,25.00
Crossbeam Venture Partners,North America,100.00
Crosslink Capital,North America,100.00
Crowdcube,Europe,100.00
CyberStarts,North America,100.00
Cybernaut Growth Fund,Asia,100.00
D1 Capita Partners,North America,100.00
D1 Capital Partners,Asia,6.25
D1 Capital Partners,North America,93.75
DC Thomson Ventures,Asia,100.00
DCM Ventures,Asia,50.00
DCM Ventures,North America,50.00
DESUN Capital,Asia,100.00
DFJ DragonFund,North America,100.00
DFJ Growth Fund,North America,100.00
DJF,North America,100.00
DN Capital,Europe,100.00
DSC Investments,North America,100.00
DST Global,Asia,14.48
DST Global,Europe,53.79
DST Global,North America,22.07
DST Global,Oceania,4.14
DST Global,South America,5.52
DT Capital Partners,Asia,100.00
Danhua Capital,Asia,100.00
Danone Manifesto Ventures,North America,100.00
Daphni,Europe,100.00
Dark Horse Technology Group,Asia,100.00
Das Capital,Asia,100.00
Data Collective,North America,100.00
DataTribe,North America,100.00
Davidson Kempner Capital Management,North America,100.00
Day One Ventures,North America,100.00
DeFi Technologies,North America,100.00
Deciens Capital,North America,100.00
Declaration Partners,North America,100.00
Deer Park Road,Europe,100.00
Delian Capital,Asia,100.00
Dell Technologies Capital,Europe,27.27
Dell Technologies Capital,North America,72.73
Delta Capital,Asia,100.00
Diamler,Europe,100.00
Didi Chuxing,Europe,100.00
Digital Currency Group,Europe,40.00
Digital Currency Group,North America,60.00
Dila Capital,North America,100.00
Ding Xiang Capital,Asia,100.00
Doha Venture Capital,North America,100.00
Doqling Capital Partners,Asia,100.00
Draft Ventures,North America,100.00
Dragoneer Investment Group,North America,100.00
Dragonfly Capital Partners,Europe,100.00
Dragonfly Captial,Asia,100.00
Draper Esprit,Europe,66.67
Draper Esprit,North America,33.33
Draper Fisher Jurtson,North America,100.00
Draper Fisher Jurvetson,North America,100.00
Drive Capital,North America,100.00
Durable Capital Partners,Europe,88.24
Durable Capital Partners,North America,11.76
Dynamic Parcel Distribution,Asia,100.00
Dynamo VC,North America,100.00
E Fund,Asia,100.00
EQT Partners,Europe,100.00
EQT Ventures,North America,100.00
ES Ventures,North America,100.00
EXOR Seeds,Asia,100.00
Earlybird Venture Capital,Europe,100.00
East Ventures,Asia,100.00
Eastern Bell Capital,Asia,100.00
Eastern Bell Capital 32,Asia,100.00
Echo Health Venturesl,North America,100.00
Eclipse Ventures,North America,100.00
Eden Global Partners,North America,100.00
Edison Partners,North America,100.00
Eight Roads Ventures,Asia,20.00
Eight Roads Ventures,Europe,10.00
Eight Roads Ventures,North America,70.00
Elaia Partners,Europe,80.00
Elaia Partners,North America,20.00
Eldridge,Europe,100.00
Eleation Capital,Asia,100.00
Electric Capital,North America,100.00
Elevar Equity,Asia,100.00
Elevation Capital,Asia,100.00
Eleven Ventures,Europe,100.00
Emerge,North America,100.00
Emergence Capital Partners,North America,100.00
Endeavor,Europe,33.33
Endeavor,South America,66.67
Endiya Partners,Asia,100.00
Energize Ventures,North America,100.00
Energy Impact Partners,North America,100.00
Eniac Ventures,North America,100.00
Entree Capital,North America,100.00
Epiq Capital,Asia,100.00
Equal Ventures,North America,100.00
Escala Capital,Europe,100.00
Essence Financial,Europe,100.00
Eurazeo,Europe,92.31
Eurazeo,North America,7.69
European Founders Fund,North America,100.00
Evolution Equity Partners,North America,100.00
Expa,North America,100.00
Expedia Inc.,Asia,100.00
F-Prime Capital,North America,100.00
FANUC,Asia,100.00
FAW Group,Asia,100.00
FJ Labs,North America,100.00
FTV Capital,North America,66.67
FTV Capital,South America,33.33
FTX Venture,North America,100.00
FTX Ventures,North America,100.00
Fabric Ventures,Asia,50.00
Fabric Ventures,Oceania,50.00
Fairfax Financial Holdings,Asia,100.00
Falcon Edge Capital,Asia,100.00
Far East Horizon,Asia,100.00
Fasanara Capital,Europe,100.00
Fashion Tech Lab,North America,100.00
Felicis Ventures,North America,87.50
Felicis Ventures,Oceania,12.50
Felix Capital,Europe,100.00
Female Founders Fund,North America,100.00
Fidelity Investment,Europe,50.00
Fidelity Investment,North America,50.00
Fidelity Investments,North America,100.00
Fifth Wall Ventures,North America,100.00
Fifty Years Fund,North America,100.00
FinSight Ventures,Asia,100.00
FinVC,North America,100.00
Fireside Ventures,Asia,100.00
First Ascent Ventures,North America,100.00
First Light Capital Group,North America,100.00
First Round Capital,North America,100.00
FirstMark Capital,North America,100.00
Flagship Pioneering,North America,100.00
Flare Capital Partners,North America,100.00
Flint Capital,North America,100.00
Floodgate,North America,100.00
Flybridge Capital Partners,North America,75.00
Flybridge Capital Partners,South America,25.00
Fontinalis Partners,North America,100.00
Ford Autonomous Vehicles,North America,100.00
Forerunner Ventures,Europe,6.98
Forerunner Ventures,North America,93.02
ForgeLight,Europe,100.00
Formation 8,Asia,44.44
Formation 8,North America,55.56
Fosun RZ Capital,Asia,100.00
Foundation Capital,North America,100.00
Founder Collective,North America,100.00
Founder H Fund,Asia,100.00
Founders,Europe,100.00
Founders Fund,Africa,1.43
Founders Fund,Europe,3.57
Founders Fund,North America,95.00
Foundry Group,North America,100.00
Foxconn Technology Company,Asia,100.00
Framework Ventures,North America,100.00
Francisco Partners,North America,100.00
Franklin Templeton,North America,100.00
FreesFund,Asia,100.00
Frontier Ventures,North America,100.00
Funa Yuanchuang Technology,Asia,100.00
FundersClub,North America,100.00
Future Perfect Ventures,North America,100.00
Future Ventures,North America,100.00
FutureX Capital,Asia,100.00
G Squared,North America,100.00
GAM Holding,North America,100.00
GCP Capital Partners,North America,100.00
GE Healthcare,Asia,100.00
GE Ventures,North America,100.00
GF Investments,Asia,100.00
GF Xinde Investment Management Co.,Asia,100.00
GGV Capital,Asia,82.98
GGV Capital,North America,17.02
GIC,Asia,100.00
GLP Capital Partners,North America,100.00
GMO VenturePartners,Asia,100.00
GP Capital,Asia,100.00
GS Growth,Asia,81.82
GS Growth,North America,18.18
GSR Ventures,Asia,60.00
GSR Ventures,North America,40.00
GSV Ventures,Asia,50.00
GSV Ventures,North America,50.00
GX Capital,Asia,100.00
Galaxy Digital,Europe,100.00
Galaxy Interactive,North America,100.00
Galeo Ventures,Europe,100.00
Gaocheng Capital,Asia,100.00
Gaopeng Capital,Asia,100.00
Gaorong Capital,Asia,62.50
Gaorong Capital,North America,37.50
Gauss Ventures,Europe,100.00
Geekdom Fund,North America,100.00
Geely,Asia,33.33
Geely,Europe,66.67
General Atlantic,Asia,6.36
General Atlantic,Europe,60.91
General Atlantic,North America,27.27
General Atlantic,South America,5.45
General Catalyst,Asia,8.65
General Catalyst,Europe,17.31
General Catalyst,North America,74.04
General Catalyst Partners,North America,100.00
Genesis Capital,Asia,100.00
Genesis Partners,Asia,50.00
Genesis Partners,North America,50.00
Geodesic Capital,North America,100.00
Georgian Co-Investment Fund,Europe,100.00
Georgian Partners,Europe,11.11
Georgian Partners,North America,88.89
Ginko Ventures,Europe,100.00
Global Asset Capital,North America,100.00
Global Catalyst Partnera,North America,100.00
Global Founders Capital,Asia,19.05
Global Founders Capital,Europe,61.90
Global Founders Capital,North America,19.05
Global Logistic Properties,Asia,100.00
Globis Capital Partners,Asia,100.00
Glory Ventures,Asia,100.00
Go-Ventures,Asia,100.00
Gobi Partners,Asia,100.00
Goldcrest Capital,North America,100.00
Golden Gate Ventures,Asia,100.00
GoldenTree Asset Management,North America,100.00
Goldman Sachs,Asia,10.00
Goldman Sachs,Europe,46.00
Goldman Sachs,North America,44.00
Goldman Sachs Asset Management,Asia,20.00
Goldman Sachs Asset Management,North America,80.00
Goldstone Investments,Asia,100.00
Goodwater Capital,Asia,25.00
Goodwater Capital,North America,75.00
Google,North America,100.00
Google Capital,North America,100.00
Google Ventures,Europe,19.05
Google Ventures,North America,80.95
Gopher Asset Management,Asia,100.00
Gradient Ventures,North America,100.00
Grand Flight Investment,Asia,100.00
Grandland,Asia,100.00
Grayhawk Capital,North America,100.00
GreatPoint Ventures,North America,100.00
Green Bay Ventures,North America,100.00
Green Innovations,North America,100.00
Green Pine Capital Partners,Asia,100.00
Green Visor Capital,North America,100.00
Greenoaks Capital Management,North America,100.00
Greycroft,North America,100.00
Greyhound Capital,Europe,100.00
Greylock Partners,Asia,5.26
Greylock Partners,Europe,1.75
Greylock Partners,North America,92.98
Griffin Gaming Partners,Europe,100.00
Gron Ventures,North America,100.00
Group 11,North America,100.00
Group GSR Ventures,Asia,100.00
Group11,North America,100.00
Guangdong Technology Financial Group,Asia,100.00
Guangzhou Huiyin Aofeng Equity Investment Fund,Asia,100.00
Guggenheim Investments,Asia,100.00
Gunosy Capital,Asia,100.00
Guozhong Venture Capital Management,Asia,100.00
H Capital,Asia,100.00
HCA Healthcare,North America,100.00
HD Capital,Asia,100.00
HOF Capital,North America,100.00
HV Capital,Europe,100.00
Haitong Kaiyuan Investment,Asia,100.00
Haitong Leading Capital Management,Asia,100.00
Hanaco Venture Capital,Europe,50.00
Hanaco Venture Capital,North America,50.00
Hanaco Ventures,North America,100.00
Hanwha Investment & Securities,Asia,100.00
HarbourVest Partners,North America,100.00
Harmonic Growth Partners,North America,100.00
Harrison Metal,North America,100.00
Harvey Golub Family Office,Asia,100.00
Hearst Ventures,Asia,100.00
Hedosophia,Europe,100.00
Helion Venture Partners,Asia,33.33
Helion Venture Partners,North America,66.67
Hellman & Friedman,North America,100.00
Hemisphere Ventures,North America,100.00
Highland Capital Management,North America,100.00
Highland Capital Partners,North America,100.00
Highland Europe,Europe,100.00
Hillhouse Capital Management,Asia,97.78
Hillhouse Capital Management,Europe,2.22
Hillsven Capital,North America,100.00
Hinduja Group,Europe,100.00
Holtzbrinck Ventures,Europe,100.00
Homebrew,North America,100.00
Honeywell,North America,100.00
Hongdao Capital,Asia,100.00
Hongtai Capital Holdings,Asia,100.00
Hongxiu VC,Asia,100.00
Hony Capital,Asia,100.00
Hopu Investment Management,Asia,100.00
Horizons Ventures,Asia,11.11
Horizons Ventures,North America,88.89
Huagai Capital,Asia,16.67
Huagai Capital,Europe,83.33
Huasheng Capital,Asia,100.00
Human Capital,North America,100.00
Hummingbird Ventures,Asia,100.00
Hundreds Capital,Asia,100.00
Huobi Ventures,North America,100.00
Hyde Park Venture Partners,North America,100.00
Hypersphere Ventures,North America,100.00
I Squared Capital,North America,100.00
IA Ventures,North America,100.00
IAG Capital Partners,Europe,100.00
ICG,Europe,100.00
ICONIQ Capital,Europe,13.51
ICONIQ Capital,North America,86.49
ICONIQ Growth,North America,100.00
IDG Capital,Asia,74.68
IDG Capital,North America,25.32
IDG Capital Partners,Asia,100.00
IDInvest Partners,Asia,50.00
IDInvest Partners,Europe,50.00
IFC,Asia,100.00
IKEA GreenTech,North America,100.00
IMM Investment,Asia,100.00
ING,Asia,100.00
INGKA Investments,Asia,100.00
ION Crossover Partners,North America,100.00
IQ Capital,Europe,100.00
Iconiq Capital,North America,100.00
Ideal International,Asia,100.00
Ignition Partners,Europe,11.11
Ignition Partners,North America,88.89
Imaginary Ventures,North America,100.00
Index Ventures,Asia,5.83
Index Ventures,Europe,17.48
Index Ventures,North America,73.79
Index Ventures,Oceania,2.91
IndexVentures,Oceania,100.00
India Quotient,Asia,100.00
Inflexion Private Equity,Europe,100.00
Info Edge,Asia,100.00
Initialized Capital,North America,100.00
InnoVision Capital,Asia,100.00
Innova Capital - FIP,South America,100.00
Innovation Endeavors,North America,100.00
Inova Ventures Participacees,Europe,100.00
Insight Partners,Asia,16.78
Insight Partners,Europe,36.24
Insight Partners,North America,46.31
Insight Partners,Oceania,0.67
Insight Venture Partners,Europe,22.22
Insight Venture Partners,North America,77.78
Insights Partners,North America,100.00
Insights Venture Partners,North America,100.00
Insignia Ventures Partners,Asia,100.00
Inspiration Ventures,North America,100.00
Inspired Capital,North America,100.00
Institutional Venture Partners,Europe,69.88
Institutional Venture Partners,North America,30.12
Intact Ventures,Asia,100.00
Intel Capital,Asia,27.27
Intel Capital,Europe,18.18
Intel Capital,North America,54.55
International Finance Corporation,Asia,50.00
International Finance Corporation,North America,50.00
Investcorp,Asia,100.00
Investment Corporation of Dubai,Europe,50.00
Investment Corporation of Dubai,North America,50.00
Invus Group,North America,100.00
Ireland Strategic Investment Fund,North America,100.00
Iris Capital,Europe,66.67
Iris Capital,North America,33.33
Israel Growth Partners,Asia,100.00
Ivy Capital,Asia,100.00
JAFCO,Asia,100.00
JBV Capital,North America,100.00
JD Capital Management,Asia,100.00
JD Digits,Asia,100.00
JD.com,Asia,100.00
JMI Equity,North America,100.00
JOY Capital,Asia,100.00
JTC Group,Europe,100.00
Jackson Square Ventures,North America,100.00
Japan Post Capital,Asia,100.00
Javelin Venture Partners,North America,100.00
Jerusalem Venture Partners,Asia,100.00
Jiangsu Sha Steel Group,Asia,15.38
Jiangsu Sha Steel Group,Europe,84.62
Jinhui Xingye,Asia,100.00
Johnson & Johnson Innovation,North America,100.00
Jove Equity Partners,North America,100.00
Jump Capital,Asia,14.29
Jump Capital,North America,85.71
Jungle Ventures,Asia,100.00
Just Eat,South America,100.00
Juxtapose,North America,100.00
K2 Global,Asia,100.00
K2 Ventures,Asia,100.00
K2VC,Asia,100.00
K9 Ventures,North America,100.00
KCK Group,Asia,100.00
KKR,Asia,22.22
KKR,Europe,1.59
KKR,North America,76.19
KTB Ventures,North America,100.00
Kaalari Capital,Asia,100.00
Kae Capital,Asia,100.00
Kalaari Capital,Asia,100.00
Kaszek Ventures,North America,6.25
Kaszek Ventures,South America,93.75
Kefa Capital,Asia,100.00
Kenetic Capital,North America,100.00
Kerala Ventures,Europe,100.00
Khosla Ventures,North America,100.00
Kibo Ventures,Europe,50.00
Kibo Ventures,North America,50.00
Kickstart Fund,North America,100.00
Kima Ventures,Europe,100.00
Kinnevik,Europe,100.00
Kite Ventures,North America,100.00
Kleiner Perkins Caufield & Byers,Asia,11.76
Kleiner Perkins Caufield & Byers,North America,88.24
Kleiner Perkins Caulfield & Byers,North America,100.00
Knox Lane,North America,100.00
Koch Disruptive Technologies,Asia,33.33
Koch Disruptive Technologies,North America,66.67
Korelya Capital,Europe,100.00
Kraken Ventures,North America,100.00
Krungsri Finnovate,Asia,100.00
Kuang-Chi,Asia,100.00
L Capital Partners,Asia,100.00
L Catterton,North America,100.00
L'Occitane,Asia,100.00
LGT Capital Partners,Europe,100.00
LTW Capital,Asia,100.00
Lakestar,Europe,88.89
Lakestar,North America,11.11
Launchpad Venture Group,North America,100.00
Lead Edge Capital,North America,100.00
Leaders Fund,North America,100.00
LeapFrog Investments,Europe,100.00
Left Lane Capital,Europe,62.50
Left Lane Capital,North America,37.50
Legend Capital,Asia,100.00
Legend Star,Asia,100.00
Lemniscap VC,North America,100.00
Lenovo Capital and Incubator,Asia,100.00
Leonardo DiCaprio,North America,100.00
Lerer Hippeau,North America,100.00
Liberty City Ventures,North America,100.00
Liberty Global Ventures,North America,100.00
Liberty Gloval Ventures,North America,100.00
Liberty Strategic Capital,North America,100.00
Lifeline Ventures,Europe,100.00
Light Street Capital,Asia,100.00
Lightbank,North America,100.00
Lightbox Ventures,Asia,100.00
Lightrock,South America,100.00
Lightspeed China Partners,Asia,100.00
Lightspeed India Partners,Asia,100.00
Lightspeed Venture Capital,North America,100.00
Lightspeed Venture Partners,Asia,8.82
Lightspeed Venture Partners,Europe,14.71
Lightspeed Venture Partners,North America,76.47
Lindeman Asia Investment,Asia,100.00
Linear Venture,Asia,91.67
Linear Venture,Europe,8.33
LocalGlobe,Europe,100.00
Lockheed Martin Ventures,North America,100.00
Loeb.NYC,North America,100.00
Lone Pine Capital,North America,100.00
Longfor Capitalm,Asia,100.00
Longitude Capital,North America,100.00
Longzhu Capital,Asia,100.00
Lowercase Capital,North America,100.00
LowercaseCapital,North America,100.00
Lupa Systems,North America,100.00
Lux Capital,North America,100.00
M12,Asia,6.67
M12,North America,86.67
M12,Oceania,6.67
M13,North America,100.00
MHS Capital,North America,100.00
MMC Ventures,Europe,100.00
MSA Capital,Asia,100.00
MSD Capital,Europe,100.00
MaC Venture Capital,North America,100.00
Madera Technology Partners,North America,100.00
Madrona Venture Group,North America,100.00
Madrone Capital Partners,North America,100.00
Maersk Growth,North America,100.00
Magma Venture Partners,North America,100.00
Makers Fund,Europe,100.00
Malabar Investments,Asia,100.00
Mangrove Capital Partners,Europe,50.00
Mangrove Capital Partners,North America,50.00
Maniv Mobility,Asia,100.00
Marathon Venture Partners,Asia,100.00
March Capital Partners,North America,100.00
Marchmont Ventures,Europe,100.00
Marcy Venture Partners,North America,100.00
Matrix Partners,North America,33.33
Matrix Partners,Oceania,66.67
Matrix Partners China,Asia,100.00
Matrix Partners India,Asia,100.00
Maverick Capital,North America,100.00
Maverick Ventures,North America,100.00
Maverick Ventures Israel,North America,100.00
Maveron,North America,100.00
Max Ventures,North America,100.00
Mayfair Equity Partners,Europe,100.00
Mayfield,Asia,33.33
Mayfield,North America,66.67
Mayfield Fund,North America,100.00
McKesson Ventures,North America,100.00
Meituan Dianping,Asia,100.00
Menlo Ventures,North America,100.00
MenloVentures,North America,100.00
Meridian Capital,Asia,100.00
Merieux Equity Partners,Europe,100.00
Meritech Capital Partners,North America,100.00
Merrysunny Wealth,Asia,100.00
Microsoft ScaleUp,Asia,100.00
MindWorks Ventures,Asia,100.00
Mithril,North America,100.00
Mithril Capital Management,North America,100.00
Mitsubishi Corporation,Europe,100.00
Mizuho Financial Group,Asia,100.00
Mobai Capital,Asia,100.00
Monashees+,North America,10.00
Monashees+,South America,90.00
Monk's Hill Ventures,Asia,100.00
Moonshots Capital,North America,100.00
Moore Capital Management,North America,100.00
Moore Strategic Ventures,Asia,100.00
MoreVC,North America,100.00
Morgan Creek Digital,North America,100.00
Morningside Group,Asia,100.00
Morningside Venture Capital,Asia,100.00
Morningside Ventures,Asia,100.00
Motive Partners,North America,100.00
Mountain Nazca,North America,100.00
Movile,South America,100.00
Mubadala Capital,Europe,75.00
Mubadala Capital,North America,25.00
Multicoin Capital,Europe,100.00
Mundi Ventures,Asia,100.00
Munich Re Ventures,Asia,20.00
Munich Re Ventures,Europe,40.00
Munich Re Ventures,North America,40.00
N5 Capital,Asia,100.00
NFX,North America,100.00
NGP Capital,Europe,100.00
NIO Capital,Asia,100.00
NJF Capital,North America,100.00
NXC,Asia,100.00
Naspers,South America,100.00
National Grid Partners,North America,100.00
Navitas Capital,North America,100.00
Net1 UEPS Technologies,Africa,100.00
Neuberger Berman,North America,100.00
New Enterprise Associates,Asia,1.67
New Enterprise Associates,Europe,0.83
New Enterprise Associates,North America,97.50
New Era Ventures,North America,100.00
New Hope Fund,Asia,100.00
New Horizon Capital,Asia,100.00
New Leaf Venture Partners,North America,100.00
NewAlpha,Europe,100.00
NewView Capital,North America,100.00
Newion Partners,Europe,100.00
Newpath Partners,North America,100.00
Newsion Venture Capital,Asia,100.00
Next Coast Ventures,North America,100.00
Next Play Ventures,North America,100.00
Next World Capital,North America,100.00
NextView Ventures,North America,100.00
Nextech Invest,North America,100.00
Nexus Venture Partners,Asia,47.62
Nexus Venture Partners,North America,52.38
Nichi-Iko Pharmaceutical,Asia,100.00
NightDragon Security,North America,100.00
Nine Intelligence Capital,Asia,100.00
Nintendo,North America,100.00
Nor-Cal Invest,North America,100.00
Nordstar,Asia,100.00
Norma Investments,North America,100.00
North Bridge Growth Equity,North America,100.00
North Island Ventures,North America,100.00
Northern Light Venture Capital,Asia,100.00
Northzone Ventures,Europe,93.75
Northzone Ventures,North America,6.25
Nortzone Ventures,Europe,100.00
Norwest Venture Partners,Asia,37.21
Norwest Venture Partners,North America,62.79
Noshaq,Europe,100.00
Not Boring Capital,North America,100.00
Notion Capital,North America,100.00
Novator Partners,Europe,66.67
Novator Partners,North America,33.33
Nyca Partners,North America,100.00
OLX Group,Asia,100.00
OMERS Private Equity,North America,100.00
OMERS Ventures,Europe,40.00
OMERS Ventures,North America,60.00
Oak HC/FT Partners,Asia,20.00
Oak HC/FT Partners,North America,80.00
Oak Investment Partners,North America,100.00
Obvious Ventures,North America,100.00
Oceanwide Holdings,Asia,100.00
Octopus Ventures,Europe,100.00
Omidyar Network,Asia,100.00
Ondine Capital,Asia,100.00
One Equity Partners,Europe,100.00
One Luxury Group,North America,100.00
One Peak Partners,North America,100.00
Ontario Teachers' Pension Plan,Europe,100.00
OpenView Venture Partners,North America,100.00
Operator Collective,North America,100.00
Optum Ventures,Europe,100.00
Opus Capital,North America,100.00
Orange Digital Ventures,Europe,100.00
OrbiMed Advisors,North America,100.00
Oriental Fortune Capital,Asia,100.00
Origin Ventures,North America,100.00
Oriza Equity Investment,Asia,100.00
Oriza Holdings,Asia,100.00
Oryzn Capital,North America,100.00
Osage University Partners,North America,100.00
Otter Rock Capital,Europe,100.00
Outrun Ventures,Europe,100.00
Owl Ventures,North America,100.00
PSG,North America,100.00
PUC,North America,100.00
Paladin Capital Group,North America,100.00
Pantera Capital,Asia,33.33
Pantera Capital,North America,66.67
Paradigm,Asia,33.33
Paradigm,North America,66.67
Partech Partners,Africa,33.33
Partech Partners,Europe,66.67
Partners Investment,Asia,100.00
Passion Capital,Europe,100.00
Passport Capital,North America,100.00
PayPal Ventures,Asia,62.50
PayPal Ventures,North America,37.50
Pear,North America,100.00
Pelion Venture Partners,North America,100.00
People Electrical Appliance Group China,Asia,100.00
Pereg Ventures,Asia,100.00
Perpetual Investors,North America,100.00
Peterson Ventures,North America,100.00
Phoenix New Media,Asia,100.00
Picus Capital,Europe,100.00
Pine Brook,North America,100.00
Ping An Insurance,Asia,100.00
Pitango Venture Capital,Asia,9.09
Pitango Venture Capital,Europe,27.27
Pitango Venture Capital,North America,63.64
Piton Capital,Europe,100.00
Playground Global,Asia,22.22
Playground Global,North America,77.78
Plug and Play Ventures,North America,60.00
Plug and Play Ventures,South America,40.00
Plum Alley,North America,100.00
Point Nine Capital,Europe,100.00
Point72 Ventures,North America,100.00
Pokemon Company International,North America,100.00
Polaris Partners,North America,100.00
Polychain Capital,Asia,16.67
Polychain Capital,North America,83.33
Portag3 Ventures,Europe,100.00
PremjiInvest,Asia,100.00
Presidio Ventures,North America,100.00
Primary Venture Partners,North America,100.00
Prime Movers Lab,North America,100.00
Pritzker Group Venture Capital,North America,100.00
Promecap,North America,100.00
Prometheus Capital,Asia,100.00
Promus Ventures,North America,100.00
Propel Venture Partners,South America,100.00
Prosus Ventures,Asia,53.85
Prosus Ventures,Europe,30.77
Prosus Ventures,North America,7.69
Prosus Ventures,South America,7.69
Providence Equity Partners,North America,100.00
Providence Ventures,North America,100.00
Prysm Capital,Oceania,100.00
QC Capital,Asia,100.00
QED Investors,Europe,23.08
QED Investors,North America,46.15
QED Investors,South America,30.77
QF Capital,Asia,100.00
Qatar Investment Authority,Asia,33.33
Qatar Investment Authority,Europe,66.67
QiMing Venture Partners,Asia,100.00
QiMing Venture Partnersl,Asia,100.00
Qianhai Fund of Funds,Asia,100.00
Qihoo 360 Technology,Asia,100.00
Qiming Venture Partners,Asia,96.43
Qiming Venture Partners,Europe,3.57
Quadrille Capital,Europe,100.00
Qualcomm Ventures,Asia,69.77
Qualcomm Ventures,North America,18.60
Qualcomm Ventures,South America,11.63
Qualgro,Asia,100.00
Quantum Energy Partners,North America,100.00
Questa Capital,North America,100.00
Quiet Capital,North America,100.00
Qumra Capital,North America,100.00
Quona Capital,South America,100.00
R-Z Capital,Asia,100.00
RPM Ventures,North America,100.00
RRE Ventures,North America,100.00
RRE Ventures+,North America,100.00
RTP Global,Asia,100.00
Rakuten,Europe,100.00
Rakuten Ventures,Asia,100.00
Raven One Ventures,North America,100.00
RedBird Capital Partners,North America,100.00
Redalpine Venture Partners,Europe,100.00
Redpoint Ventures,Asia,13.33
Redpoint Ventures,North America,86.67
Redpoint Ventures China,Africa,50.00
Redpoint Ventures China,Asia,50.00
Redpoint e.ventures,South America,100.00
Refactor Capital,North America,100.00
Relay Ventures,North America,100.00
Rembrandt Venture Partners,North America,100.00
Resolute Ventures,North America,100.00
Rethink Impact,North America,100.00
Revo Capital,Europe,100.00
Revolution,North America,100.00
Revolution Growth,North America,100.00
Revolution Ventures,North America,100.00
Rho Ventures,North America,100.00
Rhone Capital,Asia,100.00
Ribbit Capital,Asia,6.58
Ribbit Capital,Europe,43.42
Ribbit Capital,North America,47.37
Ribbit Capital,South America,2.63
Rich Land Capital,Asia,100.00
Richland Equities,Asia,100.00
Ridge Ventures,North America,100.00
RiverPark Ventures,North America,100.00
Riverwood Capital,Europe,100.00
Robert Bosch Venture Capital,Asia,100.00
Rocketship.vc,Asia,100.00
Rothenberg Ventures,North America,100.00
Route 66 Ventures,North America,100.00
Runa Capital,Europe,100.00
Rusnano,Europe,100.00
Russia-China Investment Fund,Asia,100.00
S Capital,North America,100.00
SAIF Partners,Asia,100.00
SAIF Partners China,Asia,100.00
SAIF Partners India,Asia,100.00
SAP.iO Fund,North America,100.00
SBI Investment,Europe,33.33
SBI Investment,North America,66.67
SBI Investment Korea,Asia,100.00
SC.Holdings,North America,100.00
SCB 10X,Asia,100.00
SDIC CMC Investment Management,Asia,100.00
SDIC Innovation Investment Management,Asia,100.00
SDP Investment,Asia,100.00
SEB Venture Capital,Europe,100.00
SEED Capital,Europe,100.00
SEEK,Oceania,100.00
SF Holding Co,Asia,100.00
SIG Asia Investments,Asia,100.00
SK Ventures,North America,100.00
SOFTBANK Latin America Ventures,South America,100.00
SOSV,North America,50.00
SOSV,South America,50.00
STO Express,Asia,100.00
STRIVE,Asia,100.00
SV Angel,North America,100.00
SWaN & Legend Ventures,North America,100.00
Salesforce Ventures,Asia,4.35
Salesforce Ventures,Europe,13.04
Salesforce Ventures,North America,82.61
Samsung Ventures,Asia,33.33
Samsung Ventures,North America,66.67
Sands Capital,Asia,20.00
Sands Capital,North America,80.00
Sapphire Ventures,Europe,25.00
Sapphire Ventures,North America,75.00
Scale Venture Partners,Europe,16.67
Scale Venture Partners,North America,83.33
Scentan Ventures,North America,100.00
Schonfeld Strategic Advisors,North America,100.00
SciFi VC,North America,100.00
Seaya Ventures,Europe,100.00
Section 32,North America,100.00
Seedcamp,Europe,100.00
SeptWolves Ventures,Asia,100.00
Sequoia Capital,Asia,11.82
Sequoia Capital,Europe,26.36
Sequoia Capital,North America,59.55
Sequoia Capital,South America,2.27
Sequoia Capital China,Africa,0.42
Sequoia Capital China,Asia,87.71
Sequoia Capital China,Europe,0.21
Sequoia Capital China,North America,1.91
Sequoia Capital China,Oceania,9.75
Sequoia Capital India,Asia,98.94
Sequoia Capital India,North America,1.06
Sequoia Capital Israel,North America,100.00
Shang Qi Capital,Asia,100.00
Shanghai Electric Group,Asia,100.00
Shanghai Puyin Industry,Asia,100.00
Shasta Ventures,North America,100.00
Shea Ventures,North America,100.00
Shenzhen Capital Group,Asia,100.00
Shenzhen Qianhe Capital Management Co.,Asia,100.00
Sherpalo Ventures,Asia,100.00
Shunwei Capital Partners,Asia,100.00
Siam Commercial Bank,Asia,100.00
Sierra Ventures,Asia,33.33
Sierra Ventures,North America,66.67
Sigma Prime Ventures,North America,100.00
Signal Peak Ventures,North America,100.00
SignalFire,North America,100.00
Silicon Valley Bank,North America,100.00
Silk Road Huacheng,Asia,100.00
Silver Lake,North America,100.00
Silver Lake Partners,North America,100.00
Silverlink Capital,Asia,100.00
Silversmith Capital Partners,North America,100.00
Silverton Partners,North America,100.00
Simon Equity Partners,North America,100.00
Sina Weibo,Asia,100.00
SingTel Innov8,Asia,100.00
SingulariTeam,Asia,100.00
Sino-Ocean Capital,Asia,100.00
Sinovation Ventures,Asia,100.00
Sixth Street Growth,North America,100.00
Sixth Street Partners,North America,100.00
Skip Capital,North America,100.00
Sky9 Capital,Asia,100.00
Slack Fund,North America,100.00
Slow Ventures,North America,100.00
SmartFin Capital,Europe,100.00
Smash Ventures,North America,100.00
Smilegate Investment,North America,100.00
SoGal Ventures,North America,100.00
Social Capital,North America,100.00
Socii Capital,Europe,100.00
Sodexo Ventures,North America,100.00
Sofinnova Partners,Europe,100.00
SoftBank Group,Asia,32.61
SoftBank Group,Europe,8.70
SoftBank Group,North America,52.90
SoftBank Group,South America,5.80
SoftBank Latin America Fund,North America,33.33
SoftBank Latin America Fund,South America,66.67
SoftBankGroup,Asia,100.00
Softbank,Asia,17.95
Softbank,North America,82.05
Softbank Capital,Asia,100.00
Softbank Corp.,Asia,100.00
Softbank Group,Asia,84.51
Softbank Group,Europe,0.94
Softbank Group,North America,14.08
Softbank Group,South America,0.47
Softbank Ventures Asia,Asia,100.00
Songhyun Investment,Asia,100.00
Soros Fund Management,North America,33.33
Soros Fund Management,South America,66.67
Sound Ventures,North America,100.00
Source Code Capital,Africa,33.33
Source Code Capital,Asia,66.67
Sozo Ventures,Asia,100.00
Spar Capital,North America,100.00
Spark Capital,Europe,3.03
Spark Capital,North America,96.97
Spectrum Equity,North America,100.00
Speedinvest,Europe,80.00
Speedinvest,North America,20.00
Square Peg Capital,North America,100.00
Standard Chartered,Asia,100.00
Standard Crypto,Asia,100.00
Starr Investment Holdings,North America,100.00
Steadview Capital,Asia,100.00
Stellaris Venture Partners,Asia,100.00
Storm Ventures,North America,100.00
Straumann,Europe,100.00
Streamlined Ventures,North America,100.00
Stripe,Africa,20.00
Stripe,North America,80.00
Stripes Group,North America,100.00
Struck Capital,North America,100.00
Summer Capital,North America,100.00
Summerhill Venture Partners,North America,100.00
Summit Partners,Europe,33.33
Summit Partners,North America,66.67
Sunley House Capital Management,Asia,100.00
Sunstone Capital,Europe,100.00
Susa Ventures,North America,100.00
Susquehanna Growth Equity,North America,100.00
Sutter Hill Ventures,North America,100.00
Sway Ventures,North America,100.00
T. Rowe Associates,North America,100.00
T. Rowe Price,North America,100.00
TA Associates,Asia,100.00
TAL Education Group,Asia,100.00
TDK Ventures,North America,100.00
TDM Growth Partners,North America,66.67
TDM Growth Partners,Oceania,33.33
TDR Capital,North America,100.00
TI Platform Management,North America,100.00
TLV Partners,Asia,33.33
TLV Partners,North America,66.67
TMT Investments,Europe,100.00
TPG Alternative & Renewable Technologies,North America,100.00
TPG Capital,Asia,100.00
TPG Growth,North America,100.00
TQ Ventures,North America,100.00
TSG Consumer Partners,Europe,100.00
TTV Capital,North America,100.00
TVS Capital,Asia,100.00
Taigang Venture Capital,Asia,100.00
Tao Capital Partners,North America,100.00
Target Global,Europe,94.12
Target Global,North America,5.88
Team8,North America,100.00
Teamworthy Ventures,North America,100.00
Technology Crossover Ventures,Europe,40.82
Technology Crossover Ventures,North America,59.18
Telling Telecommunication Holding Co.,Asia,100.00
Temasek,Asia,30.00
Temasek,Europe,15.00
Temasek,North America,40.00
Temasek,Oceania,15.00
Temasek Holdings,Asia,2.70
Temasek Holdings,Europe,5.41
Temasek Holdings,North America,91.89
Temasek Holdings Ltd.,Asia,100.00
Ten Eleven Ventures,North America,100.00
Tenaya Capital,North America,100.00
Tencent,Asia,100.00
Tencent Holdings,Asia,57.86
Tencent Holdings,Europe,5.66
Tencent Holdings,North America,32.70
Tencent Holdings,Oceania,3.77
Tencent Investment,Asia,100.00
Tengelmann Ventures,Europe,100.00
The Blue Venture Fund,North America,100.00
The Carlyle Group,Asia,20.00
The Carlyle Group,North America,80.00
The Raine Group,Asia,75.00
The Raine Group,Europe,25.00
The Rise Fund,North America,100.00
The Times Group,Asia,100.00
The Venture Collective,North America,100.00
Third Point,North America,100.00
Thirty Five Ventures,North America,100.00
Thoma Bravo,North America,100.00
Threshold Ventures,North America,100.00
Thrity Five Ventures,North America,100.00
Thrive Capital,Europe,11.11
Thrive Capital,North America,88.89
Tianjin Haihe Industry Fund,Asia,100.00
Tiantu Capital,Asia,100.00
Tiantu Capital Co.,Asia,100.00
Tiger Brokers,Asia,100.00
Tiger Global,North America,100.00
Tiger Global Management,Asia,48.68
Tiger Global Management,Europe,19.74
Tiger Global Management,North America,30.26
Tiger Global Management,Oceania,0.66
Tiger Global Management,South America,0.66
Tiger Global management,Asia,50.00
Tiger Global management,North America,50.00
Times Internet,Asia,100.00
Tola Capital,North America,100.00
Tomales Bay Capital,North America,100.00
TopoScend Capital,Asia,100.00
Toscafund Asset Management,Europe,100.00
TowerBrook Capital Partners,Europe,100.00
Toyota Motor Corporation,Asia,100.00
Trammell Ventures,North America,100.00
Trane Technologies,North America,100.00
Transamerica Ventures,North America,100.00
Transformation Capital,Europe,100.00
Trellis Partners,North America,100.00
Triangle Peak Partners,North America,100.00
Tribe Capital,North America,100.00
Trifecta Capital,Asia,100.00
Trifecta Capital Advisors,Asia,100.00
Trinity Ventures,North America,100.00
TriplePoint Capital,Europe,50.00
TriplePoint Capital,North America,50.00
Tru Arrow Partners,North America,100.00
True,North America,100.00
True Ventures,North America,100.00
Trustbridge Partners,Asia,100.00
Tus Holdings,Asia,100.00
Two Sigma Ventures,North America,100.00
U.S. Venture Partners,North America,100.00
U.S.-China Green Fund,Asia,100.00
UBS,North America,100.00
UBS Asset Management,North America,100.00
UNITY VENTURES,Asia,100.00
US Venture Partners,North America,100.00
Uncork Capital,North America,100.00
Undisclosed,Europe,66.67
Undisclosed,North America,33.33
Unicom Innovation Venture Capital,Asia,100.00
Uniion Square Ventures,North America,100.00
Unilever Ventures,Europe,100.00
Union Square Ventures,North America,100.00
Uniqa Ventures,Europe,80.00
Uniqa Ventures,North America,20.00
Unternehmertum Venture Capital,Europe,100.00
Upfront Ventures,Europe,12.50
Upfront Ventures,North America,87.50
Upper90,North America,100.00
V FUND,Asia,100.00
V Star Capital,Asia,100.00
VGames,North America,100.00
VY Capital,Asia,25.00
VY Capital,North America,75.00
Valar Ventures,Europe,78.26
Valar Ventures,North America,21.74
Valiant Capital Partners,Asia,100.00
Valor Capital Group,South America,100.00
Valor Equity Partners,North America,100.00
Vast Ventures,North America,100.00
Vattenfall,Europe,100.00
Vcanbio,Asia,100.00
VebVentures,Europe,100.00
Venrock,North America,100.00
Ventech China,Asia,100.00
Ventura Capital,Europe,100.00
Venture Highway,Asia,100.00
Venture51,North America,100.00
VentureLink,North America,100.00
Verizon Ventures,North America,100.00
Version One Ventures,North America,100.00
Vertex Ventures,Asia,16.67
Vertex Ventures,North America,83.33
Vertex Ventures China,Asia,100.00
Vertex Ventures Israel,North America,100.00
Vertex Ventures SE Asia,Asia,100.00
Vickers Venture Partners,North America,100.00
Victory Park Capital,North America,100.00
Viking Global Investors,North America,100.00
Vintage Investment Partners,Asia,75.00
Vintage Investment Partners,North America,25.00
Viola Ventures,Asia,50.00
Viola Ventures,North America,50.00
Visa Ventures,Asia,100.00
Vision Knight Capital,Asia,100.00
Vision Plus Capital,Asia,100.00
Vista Equity Partners,North America,100.00
Vitruvian Partners,Europe,100.00
Vivo Capital,Asia,100.00
Volcanics Ventures,Asia,100.00
Volkswagen,Europe,100.00
Volkswagen Group,Europe,50.00
Volkswagen Group,North America,50.00
Vostok New Ventures,Europe,100.00
Vulcan Capital,Europe,100.00
WRVI Capital,North America,100.00
Wakefield Group,North America,100.00
Walden International,Asia,28.57
Walden International,North America,71.43
Walden Venture Capital,North America,100.00
Wamda Capital,Europe,100.00
Wanxin Media,Asia,100.00
Warbug Pincus,Asia,100.00
Warburg Pincus,Asia,70.37
Warburg Pincus,North America,29.63
Warmsun Holding,Asia,100.00
Wavemaker Partners,North America,100.00
We Capital,Asia,100.00
Webb Investment Network,North America,100.00
Wellington Management,Europe,100.00
WestBridge Capital,Asia,25.00
WestBridge Capital,North America,75.00
WestCap Group,North America,100.00
Western Capital Management,Asia,100.00
White Star Capital,Europe,100.00
Wildcat Capital Management,North America,100.00
Wincove,North America,100.00
Wing Venture Capital,North America,100.00
Wipro Ventures,North America,100.00
Wonder Ventures,North America,100.00
Woodford Investment Management,Europe,100.00
Woori Investment,Asia,100.00
Work-Bench,North America,100.00
Workday Ventures,North America,100.00
World Innovation Lab,Asia,100.00
World Lab Innovation,North America,100.00
XAnge Private Equity,Europe,100.00
XBTO Ventures,North America,100.00
XVC Venture Capital,Asia,20.00
XVC Venture Capital,North America,80.00
Xiang He Capital,Asia,100.00
Xiaomi,Asia,100.00
Xingwang Investment Management,Asia,100.00
Y Combinator,Asia,1.67
Y Combinator,Europe,5.00
Y Combinator,North America,91.67
Y Combinator,Oceania,1.67
YL Ventures,North America,100.00
Yabeo Capital,Europe,100.00
Yaxia Automobile,Asia,100.00
Yinhong Equity Investment Fund,Asia,100.00
Yinxinggu Capital,Asia,100.00
York Capital Management,Asia,100.00
Yunfeng Capital,Asia,100.00
Yunqi Partners,Asia,100.00
Zeal Capital Partners,North America,100.00
Zeev Ventures,Asia,4.00
Zeev Ventures,North America,96.00
Zhangjiang Haocheng Venture Capital,Asia,100.00
ZhenFund,Asia,96.97
ZhenFund,North America,3.03
Zheshang Venture Capital,Asia,100.00
Zhongrong International Trust,Asia,100.00
and Sequoia Capital China,Asia,100.00
btov Partners,Europe,100.00
capitalG,North America,100.00
dRx Capital,North America,100.00
dmg ventures,Europe,100.00
e.ventures,Europe,33.33
e.ventures,North America,66.67
eWTP Capital,Asia,100.00
enaya Capital,North America,100.00
frst,Europe,100.00
iFLYTEK,Asia,100.00
iFly,North America,100.00
iNovia Capital,North America,100.00
iTech Capital,Europe,100.00
iVision Ventures,Asia,100.00
index Ventures,Europe,100.00
next47,Asia,20.00
next47,North America,80.00
s28 Capital,North America,100.00
,Asia,
,North America,
